Rank,Name,Points,Hitman
1,VinoVidz,2600,
2,Ogma,1820,VinoVidz
3,Hugoat,1300,VinoVidz
4,Warren,1040,Ogma
5,Naturel,910,VinoVidz
6,Bb2k,780,VinoVidz
7,Fire,250,Warren
8,Manu,225,
9,Yonie28,210,
10,Zeron,200,Manu
11,Meacallpas,190,Naturel
12,Lone974,180,VinoVidz
13,Pierre,170,Warren
14,Gims449,160,Naturel
15,Vincesou35,150,Pierre
16,Manigoldo,140,Naturel
17,Newchallenger,130,Ogma
18,Theotime,120,Ogma
19,Leopold,110,Naturel
20,Laconf,100,Lone974
21,Bzhlesuisse,100,VinoVidz
22,Merzzhin,100,Yonie28
23,Anakim,100,Gims449
24,Tabarnak,100,Hugoat
25,Le Vert,100,Merzzhin
26,Happy,100,Warren